normalized,diplomatic
marsop? parandus?,marsop?
chersonesos?,canospatos
sicilia,sicaria
gasan,gasan
pellicie,pellicie
triballi,trivalli
astabus fl.,fluvius astabus
piperis silva,Siluas pipereas
caria,caria insula
mecca?,mekesus civitas
narbonne,narbona
hydraotes fl.,fluvius pasma
compostela,compostrinia
cabilla,cabilla
circius v.,circius
rokesburgia,rokesburgia
carnotum,carnocum
philli g.,philli
hungari g.,hungari
aquilo v.,aquilo
reate,reaus
massilia,massilia
septentrio v.,septentrio
snawedon m.,snawedon
trevirorum,verona
salzeburg,Salzeburgh
palerma,palerna
tadan,cadan
termopile,Termopile
eboracum,Eboracum
brucii,Brucii
pandea g.,pandea
minutanda,Minutanda
diospolis,Diospolis
moesia,Messia
corsica,corsica
leucasia,Leocotea
scioena,Scioena
brabancia,brabannia
oterawie,Oterawie
enos c.,enos
spinx?,pines
patera,Patera
notingera,Snotingham
sestos c.,Sestos
patavium,Patavium
metis,metis
kersina,kersina
scenas,stenas
capadocia r.,capadocia
siria,siria
argus,argos
africa,affrica
lucca,luca
hur,hur
sardinia,sardinia
fatua,fatua
bulgari g.,bulgarii
hibernia,hibernia
madian,madian
lidia,lidia
nevirus,nevirus
messana,mesana
hippo diarrtus,uppus diartus
hellespontus,hellespontus
barcinona,basella
neutoma,neutoma
therampnus,erampnus
lugdunum,lugdunum
getulia,getulea
ericusa i.,esisua
duremia,duremia
choos,choos
ratisbona,ratispona
tornacus,tornacum
desipea,desipea
assiria,assiria
scotia,scocia
austerafricus v.,austeraffricus
hiberia,thiberia
metus,metus
theode,theode
augustudunus,augustudunum
luna,luna
augusta,augusta
fardin,fardin
candaber,candaber
autisiodorum,autisiodorum
ilerria,ilerria
sclavi g.,sclavi
veredunus,vendum
sercles,sercles
eurusnothus v.,eurusnothus
noviomus,novicum
constantinopolis,constantanopolis
norwegia,noreya
cornicularia,nilaca
puteolis,puteolis
aurelianis,aurelianum
sirmium,sirinum
beritus,beritus
tudertina,tudertina
meotides paludes,paludes
carnotum,carinicum
sobas,sobas
tubalus,tubalus
vivencium,vivencium
lampsacus,lamascus
colestria,Colcestria
bizas i.,bises
scythia,scythia
gallipolis,callipolis
flaminia,flammin
cotonia,cotonia
cunwey,cunwey
bithynia,binnia
stripodes,stripodes
macedonia,macedonia
islandia,ysland
dardania,dardania
perusium,perusium
ebredunum,ebredunum
leugas,leugas
bononia francia,bononia
bituris c.,biturrica
listra,listra
wasconia,gasconia
basilea c.,basel
roucestria,roucestria
armenia,armenia
alpes,alpes
rithymna,in rima
corinthus c.,corinthus
anglia,anglia
phison,phison
rodus,rodos
anthropophagi,anthropophagi
pharsalus?,parchadus
passaidie,passande
armenia,armenia
calcedonia c.,calcidonia
bathe,bathe
andropolis,andropolis
nubii g.,nibei
osca,osca
edenburgh,edenburgh
weccla,weccla
pomponiana,pomponiana
syene,syene
pergen,Pergen Pansius
phanesii,phanesii
lincolina r.,Lindeseya
subsolanus v.,subsolanus
frigia,frigia
apollonia c.,appollonia
strongile,strongile
calipso i.,calippso
nucaria,nucaria
telmel,telmel
cestria,cestria
sestos c.,sertos
chorus v.,chorus
yampnia,iampnia
ambari,ambari
wallia,wallia
venetia,venicia
bactria r.,bactria
auster v.,auster
fauni,fauni
craculus,craculus
turonis,turonis
aquisgranum,Aquisgranum
ostricius,ostricius
india,india
salumias,salem
petra,petra
babilon c.,babilonia
burdigala,burdegala
edissa i.,edissa
cocadrillos,cocadrillus
hyperborea g.,yperborei
junonia,iunonia
panisus,panisus
gansmir,gansmir
nisa,nisa
africus v.,affricus
glestonia,glestonia
flandria,flandria
cenomanis,cenomanum
liparis i.,lipara
mesopotamia,mesopotamia
stopcemes i.,stopcemes
leuctrae,leustree
wircester,wircester
tripolitana r.,tripolitana
licaonia,licaonia
tigris fl.,tigris
brema,brema
arimaspi,arimaspi
achillea,achillea
paretonium,paretonium
dirracium,duracium
dobera,dobera
eleusia,eleusia
tracianopolis,tracianopolis
hyrcani g.,hircani
consentium,sonfenca
accon,acaron
salodorum,salodorum
nicomedia,micomedia
elamite,lamite
zazintus i.,zazintus
gangines g.,gangines
vulcano i.,hiera
persia,persida
capileus,capileus
lesbos i.,lesbos
saba,saba
charax,carax
albani,albani
eonee i.,eonee insule
philenorum are,aree philenorum
ethiope m.,montes ethiopie
taprobana,taphana
bragala fl.,fluvius bragala
sarnus fl.,fluvius sarnus
aspala fl.,fluvius aspala
gerara,gerara
tiber c.,tiberus
helles fl.,fluvius helles
gamara,gamara
corarus fl.,fluvius corarus
fasga m.,mons fasga
phitonis promuntorium,Phitonis Promunctorium
aracusia,aracusia
astrixis m.,mons astrixis
rugone,rugone
fareie i.,fareie
carnarvan,Carnaruan
moabite,moabite
vivaria i.,Viuaria
neapolis,neapolis
palestina,Palestinam
perona,perona
nola,nola
lincolina c.,lincolnia
meldis,latimacus
celdara,celdara
lempnos i.,lempnos
maculea,Maculea
ravenna,ravenna
gesortia,Gesortia
magontia,magoncia
amphipolis,amfipolis
panda,panda
pisidia,persidia
phiaroth,Phiaroth
berwicia,berwicia
ophir,ophir
augusta,augusta
scrobesberia,Scrobesberia
roma,roma
olerun i.,olerun
passaei,pazaei
provincia r.,provincia
membriona,membriona
excester,Excestria
quedlinburgum,Quidelingburgh
pictavis c.,pictavis
cinocephales,Cinocephales
ramesses,ramesse
remis,remis
louthian,Louthian
andegavis c.,Andegauis
mirrea,Mirrea
eurus v.,eurus
leona,Leona
eudemon,eudemon
gandersum,Camder
epirus,Ipirum
wintonia,Wintonia
petavium,Petauium
letheus fl.,lethon
planasia i.,Planasia
siracusa,Siracusa
saldis c.,Saldis
safris,nucudsafris
adiabeni,Adiabeni
rothomagum,Rotomagum
euboea,euboea
magdeburgis,Magaddesburg
pelusium c.,Pelasium
calabria r.,Recum
isauria,Ysauria
vercellis,Vercellis
tolosa,tolosa
icusia,Ycusia
ruzazus,Brusutus
nimpolis,Nimpolis
holandia,Holandia
salerna,Salerna
marinia i.,Marinia
ptolomais,Tholomaida
beneventum,Beneuentus
aquileia,Aquileya
capraria i.,Capraria
sarmate g.,Sarmate
commagena,Comagena
noricus,Noricus
fenicus i.,Fencusa
ioppe,Iope
tyrus,Tirus
ipodes,Ipopodes
normannia,Normannia
vienne,Vienna
patras,Patras
marsala,Libia
brusias,Brusias
aquitania,aquitania
delminium c.,Delinum
campania,Campania
argire,Argire
rages c.,Rages
muneth,Muneth
laodicia,Laodiciam 
humber fl.,Humber
suessionum,Suesia
massagete g.,Massagete
theman,Theman
ratisbona,Remesburgh
orcades i.,Orcades
valeria,Valeria 
isara fl.,Fluuius Eysa
menix i.,Menix
gortina,Gortina
teman,Theman
antalia,Atalia
paflagonia,Paflagonia
miletus,Miletus
liburnia c.,Layburna
concordia,Concordia
tafnis c.,Tafnis
lixus c.,Lixcolis
cassiopia,Cassiopia
toletum,Toletum
aquensis,Aquesia
strasburg,Straburh
armachus,Arhmaca
praga,Braga
gaba saulis,Sabaa
judei g.,iudei
brundisium,Brundisium
thessalia,Thessalia
coblencia,Fluencia
veredunus,Veredunum
paphos,Paphus
cantuaria,Canturia 
catania,Canna
oxonium,Oxenford
northhumbria,Norhumbria
ficaria i.,Ficaria
malichu i.,malichu
carlua,Carlua
frisones g.,Frisones
achaia,Acaya 
ilium,Hilium
illiricum r.,Illiricus
velabri g.,Welabri
numidia,Numidia
igicolis,Ygicolis
laude ,Laude 
phanagoria,Penagorgea
media r.,Medea
tuscia,Tuscia
turringia,Turingia
aegeum mare,Egea
tenedes i.,Tenedes
hibea,Hibea
gauloena,Gauloena
uluestria,Vluestria
galatia,Galaria
panopolis,Pelipolis
troia,Troia
aphrodisia,Frondisia
minorca,Minorga
lemovica,Limogena
champania,Campania
grifes,griphes
parthia r.,parthia
andrianopolis,Peliopolis
palencia,Palencia
colubraria i.,Colubraria
sile c.,Sile
philippi in macedonia,Philippus
leo,leo
zadar pula,Adrepola
ancona,Ancona
idrontum,Ydrontum
aulona,Aulona
basilicus,Basiliscus
geon fl.,gion
agregentum,Agrigene
alticium,Alticium
man,Man
crisolida i.,Criselida
arabona,Arabona
pathmos,Pathmos
leodium,Leodium
tarentus,Tarentum
regordane,Recordanorum
cornubia,Cornubia
modin,Modin
cimeracum c.,Cimeracum
thasos,Thasos
aragona,Aragona
tenedos i.,Tenedos
cephalenta,Cephalenta
caul i.,Caul
cordoba,Corduba
mediolanum,Mediolanum
siluacolis,Siluacolis
santonum,Sentungia
terasia,Terasia
jaca,Yake
festia,festia insula
prienna,Prienna
hippo r.,ippone
hippo c.,ippone
cezilie,Cezilie
carambis,Carambis
lucania,Lucania
placentia,Placencia
daphnai,Dafnus
hellada,hellada
monoculi,monoculi
valencia,Galencia
beuerlacum,Beuerlacum
dan fl.,dan
florencia,Florencia
galata i.,Galata
wie fl.,Wie
salamis i.,Salami
murduacia,Murduacia
piscinus,Piscinus
gloucester,Glearum
parnassus m.,Parnasus
caribdis,Caribdis
cilicia,Cilicia
hister fl.,Hister
northampton,Northamtonia
ionia,Yonia
fronsacea,Fronsacea
favonius v.,Favonius
cachinna,Cachinna
capua,Capua
verona,verona
mahuon,mahun
italia,Italia
himantipodes,Himantopodes
luceni,Luceni
kircham,Kircham
pisa,Pisa
nazareth,Nazaret
amonite,Amonne
aberdene,Aberdene
caria,Caria
sciapodes,Scinopodes
chania,Cidona
braga,Bragaria
apterophon,Apterophon
naxos,Naxon
seres g.,Seres
asher,Asen
melita,Hilta
cirera,Cirera
londonia,londonia
apulia,apulia
lausana,Losana
tracia r.,Trucia
euphrates fl.,Eufrates
ely,Ely
geneva,Genaua
cartenna,Cirtenna
thessalonica,Thessalonica
bayona,Bayona
agriophagi ethiopes,Agriophagi Ethiopes
gomor,Gomor
nichasii m.,Mons Nichasii
yne fl.,Fluuius Yne
ouse fl.,Fluuius Use
libeum m.,Mons Libeum
sancti jacobi templum,templum sancti iacobi
antiochia in pisidia,Antiochet
ostrochena,Ostrochena
albana fl.,Albana Fluuius
salinarus lacus,Lacus Salinarum
alexandria in egyptus c.,Alexandria
bersabee,Bersabee
cyprus in mare rubrum,Ciprus
apollonia promontorium,Promunctorium Appollonis
suevus m.,Mons Sueuus
frigia minor,Frigia Inferior
are alexandri,Aree Alexandri
axona fl.,Fluuius Auxonta
sturi fl.,Fluuius Sturi
arna blanca fl.,Fluuius Arna Blanca
gallilcum mare,Mare Galilee
genoa,Genua Ciuitas
ganges fl.,Ganges Fluuius
tyne fl.,fluuius tin
sirtes minores,sirtes minores
gelboe m.,mons gelboe
tyle,ultima tile
garganus m.,Mons Garganus
iconium c.,Yconium Ciuitas
wadus fl.,Fluuius Wadus
trenta fl.,Fluuius Trenta
tabor m.,mons tabor
ansaga fl.,Amsiga Fluuius
bactrus fl.,Bactrus Fluuius
cesarea in capadocie,Cesarea Ciuitas
cesarea philippi,Cesarea Philippi
transitus hebreorum,Transitus Filiorum Israel
stipa i.,Stipa Insula
hungari g.,Huni Sithe
caspia c.,Caspia Ciuitas
dee fl.,Fluuius De
petaurus fl.,Fluuius Metaurus
dimidia tribus manasse,Dimidia tribus Manasse
india,India
mirabilis i.,Insula Mirabilis
araris fl.,Fluuius Araris
britannia,Brittania 
nicaeas,Niceas
archa noe,Archa Noe
tamar fl.,Fluuius Tamar
cotonare p.,Cotomare Portus
suavia c.,Suauia 
torrens cison,Fluuius Torrens Cison
athos m.,Mons Athlans
mortuum mare,Mare Mortuum
alexandri are,Altars of Alexander
aven fl.,Fluuius Auen
pangaeus m.,Mons Priangeus
ramaca c.,Ramaca Ciuitas
colchorum r.,Colcorum Prouincia
ichene fl.,Fluuius Ene
sefar m.,Mons Sephar
nicaea,Nicea Ciuitas
moin fl.,Fluuius Moin
adria c.,Adria
ticinus fl.,Fluuius Ticinus
abidos c.,Abidos Ciuitas
cristoas,Cristoas Ciuitas 
boetis fl.,Fluuius Boetis
scilla i.,scilla
halasa c.,Hersura
histria,Histria cum Liburnia
liburnia r.,Histria cum Liburnia
tigris fl.,Tigris
benacus lacus,Lacus Bennacus
septem m.,Septem Montes
arabia,Arabica
tize fl.,Fluuius Tize
cicone g.,cicone
nilus,nilus
morinus fl.,Fluuius Morinus
sabrata,Sabrata Ciuitas
tortosa,Tortosa
oliveti m.,Mons Oliueti
hiberis fl.,Fluuius Hiber
arminium,Arminium
wauth fl.,Fluuius Wauth
salze fl.,Fluuius Salze
taurus m.,Mons Taurus
gilead m.,Mons Galaauth
durdan fl.,Fluuius Durdan
adrumetus,adrumetus
mediterraneum mare,Mare Mediteranea
bosphorus,Boffarum Trachius
pindus m.,Mons Findus
polibota,Pobrotta
atlantica d.,Tlantica Deserta
cimericum mare,Cimerisum Mare
nadaver,Naddaber
molans m.,Mons Molans
exe fl.,Fluuius Exe
ligeris fl.,fluuius ligeris
scicia c.,Scicia 
neon i.,Neon Insula
samosaka c.,Samosaka 
cirene,Cirene Ciuitas
alexandria apud babilonia,alexandria civitas
torrens jaboth,Torrens Iaboth
arecusa lacus,Arecusa Lacus
aligardamana promuntorium,Promunctorium Aligardamana
bucefala ,Bucefala 
gaza,Gaza Ciuitas 
corvus fl.,Coruus Fluuius
bethlehem,Bethleem Ciuitas
eunochi sithe g.,Eunochi Sithe
decusa,Decusa
are philenorum,philenorum are
fortunate,Fortunate Insulee
sauromathe sithe g.,Sauromathe Sithe
monasteria sancti antonii,Monasteria Sancti Antonii
bencur,Bencur
suffetula,Suffetula Ciuitas
helles fl.,Fluuius Helles
oxus fl.,Oxus Fluuius
ossa m.,Mons Offa
ariobaranes m.,Montes Ariobarzones
ecusium,Ecusium Ciuitas
seres c.,Seres Ciuitas
ignium c.,Ygnium et Tipassa
tipassa c.,tipassa
cadrusium c.,Cadrusima Ciuitas
liburnice i.,Insulee Liburnice
susa fl.,Fluuius Susa
jordanis fl.,Iordan Fluuius
marmini,Marmini Ethiopes
trogodite,Trocoditee
berenice in egypt c.,Ciuitas Berenice
chusta fl.,Fluuius Chusta
protholomaida,Protholomaida Ceutria
ceutria,Protholomaida Ceutria
cannar m.,Mons Cannar
mauritania tingitana,Mauritania Tingitana
retia maior,Recia Maior
dublina,Ciuitas Diuelin
cana,Cana Galilee
tripolis c.,Tripolis Ciuitas
hispania citerior,Hispania Citerior
savus fl.,Fluuius Sauus 
libani m.,Mons Libanus
nuchul fl.,Nuchul Fluuius
caracanus c.,Carcanus Ciuitas 
retia minor,Recia Minor
septimana c.,Septimana Ciuitas
mauritania sitifensis,Mauritania Sitifensis
sirtinice i.,Insula Sirtinice
ilra fl.,Fluuius Ilra
castra alexandri,Castra Alexandri Magni
hecclarum fl.,Fluuius Hecclarum
cassius m.,Mons Cassius
castra nouo,Castra Nouo
nuam c.,Nuam Ciuitatem
avis phenix,Phenix auis
colonia,Agrippina Colonia
sienee g.,Sienee gentes
phenicia,Phenicis Prouincia
protholomayda,Protholomayda Ciuitas
cilicinus s.,Cilicinus Sinus
boemia,sala Boemie
aneso fl.,Aneso Fluuius 
babilonia egyptus c.,Insula Babilonia Ciuitas
leptis,Leptis Magna
lidda m.,Mons Lidda 
boemaron fl.,Fluuius Boemaron
eraclea in asia minor,eraclea
eraclea in boeotia,eraclea
nubie p.,portee nibie
sitifis c.,Sitiphi Metropolis
bononia italia,Bononia crassa
arietum i.,Insula Arietum
magdalus c.,Magdalus Ciuitas
oder fl.,Fluuius Ou
isera fl.,Fluuius Caura 
nubie m.,Montes Nibie
dalida fl.,Fluuius Dalida
medey fl.,Fluuius Medey
indie m.,Montes Yndie
abana fl.,Abana Fluuius
gazera c.,Gazera Ciuitas
oxus fl. ostia,Ostia Oxi Fluminis
boreus fl.,Fluuius Boreus
zebulon,Zabulon et Ysacar
isachar,Zabulon et Ysacar
carpatos i.,Carpatas Insula
eufrates fl.,Eufrates Fluuius
sancti andree,Sanctus Andreas
cidera fl.,Fluuius Cidera
crise,Crise Insula
lunacus fl.,Fluuius Lunacus
alopecia c.,Allopeccea Ciuitas
alani g.,Alani Sithe
parisius,Parisius Ciuitas
ascalon,Ascalon Ciuitas
herremus scetis,Herremus Sithe Palme
cardia c.,Cardia Ciuitas
sancti johanni,Ciuitas Sancti Iohannis
fistula fl.,Fluuius Fistula
calvarie m.,Mons Caluarie
effraim m.,Mons Effraim
tlede fl.,Fluuius Tlede
baleares i.,Baleares Insule
egyptus,egitum
albatia i.,Albatia Insula
scena i.,Scena Insula
arsinoe,Arsuoe Ciuitas
ebureda c.,Ebureda Ciuitas
adriaticus s.,Adriaticus sinus
dan fons,Fons Dan
catapas,Catapas colonia
tagus fl.,Fluuius Tagus
leonum mare,Mare Leonum
idi m.,Mons Yda
nineveh,Ciuitas Niniuee
aureus m.,Montes Aureos
aurasium m.,Montes Euzaree
gebal m.,Mons Gebal
horeb m.,Mons Oreb
pactolus fl.,Fluuius Pactalus
jericho,civitatem iericho
muneus fl.,fluiuus muneus
tusca fl.,Fluuius Musica
salum fl.,Fluuius Salum
helicon m.,Mons Elicon
accon,actua civitas
arabica d.,arabica deserta
athena,Achenus Ciuitas
gallia belgica,Gallia Belgica
libia cirenensis,Libia Cirenensis
euxinum mare,Euxinum Mare
augee m.,Montes Augee
gallia celtica,Gallia Celtica 
clarus m.,Clarus Mons
craphis regnum,rengnum craphis
laureum p.,Laureum Portus
zimarim portus,Zimarim Portus
diomedis i.,Insula Diomedis
cidnus fl.,Fluuius Cidnus
samara m.,Promunctorium Samara
rodanus fl.,Fluuius Rodanus
canea fl.,Fluuius Canea
cuna fl.,Fluuius Cuna
chalearsus lacus,Lacus Calearsus 
dorius fl.,Fluuius Dorius
labro prominente g.,Gens labro prominenti
eles fl.,Fluuius Eles
padus fl.,fluuius padus
etham c.,etham civitas
metima,Metima Ciuitas
didime i.,Insula Didimee
patalus p.,Portus Patalus
paradisus,Paradisi Porte
memphis,Memphis Ciuitas 
avium i.,Insula Auium
sancti davi,Sanctus Daui
corcina g.,Gens Corcina
adanum i.,Adanum Insula
sabaria sancti martini,Sabaria Sancti Martini
caspium mare,Mare Caspium
seyr m.,Mons Seir
urta c.,Vrta Ciuitas
livoris m.,Mons Liuoris
astoborta fl.,Fluuius Astoborta
clipea,Clippeas Ciuitas
alpes gothice,Alpes Gottice
africa terminus,Terminus Affrice
sithe catharum,Catharum Sithe
hesperidum i.,Insule Hesperidum
pelorum m.,Mons Pelorum
caspie p.,Portee Caspie
arafaxat fl.,Fluuius Arfaxat
wisara fl.,Fluuius Wisara
ossa m.,Montes Osco
ora conserta g.,Gens ore concreto
babilonia r.,Terra Babilonie
sigga m.,Mons Sigga
nisibi,Nisibi Ciuitas
lates fl.,Fluuius Lates
meotides paludes,Fluuius Meotides
appanina,Appanina Ciuitas
arelatum,Arelas Ciuitas
boreus promuntorium,Promunctorium Boreum
ansa fl.,Fluuius Ansa
weser fl.,fluuius wisara
miopar i.,Miopar Insula
sina m.,Mons Sinay
sabrina fl.,Sabrina Fluuius
termineus s.,Termineus Sinus
sarta fl.,Fluuius Sarta
marna fl.,Fluuius Marna
narbonensis r.,Narbona
aquitanicus s.,Aquitanicus Sinus
pudpud c.,Pudpud Ciuitas
laudunus,Mons Laudanus
piscaria fl.,Fluuius Piscaria
octogora c.,Octoricirus Ciuitas
russicada c.,Russicada Ciuitas
fialus fons nili,Fialus fons Nili
berenice in libya c.,Berenice Ciuitas
tarus fl.,Fluuius Tarus
curunbi c.,Curunbi Ciuitas
gangines ethiopes,Gangines Ethiope
riphei m.,Riphay Montes
lech fl.,Fluuius Lech
uttica c.,Vttica Ciuitas 
archas c.,Archas Ciuitas
icaria i.,Ucaria Insula
bande fl.,Fluuius Bande
tustrum c.,Ciuitas Tustrum
essedones sithe,Essedones Sithe
nuchus fl.,Fluuius Nuchus
magoma c.,Magoma
pineus fl.,Fluuius Pineus
pamplona,pampilonia
mellila c.,Russaden Ciuitas
colne fl.,Fluuius Colne
horrea josep,Orrea Ioseph
bizacium c.,Bizancium Ciuitas
gaza municipium,Gaza Municipium
sti fl.,Fluuius Sti
calpes m.,Mons Calpel
hydaspis fl.,Ydaspis Fluuius
ardens m.,Mons Ardens
acheron fl.,fluuius achen
apollonia c.,Ciuitas Apollonia
olympus m.,Mons Olimpus
jor fons,Fons Ior
armenia inferior,Armenia Inferior
hebron,Ebron Ciuitas
bethel,Bethel Ciuitas
chooloissime c.,Vrbs Choolissime
pannonia inferior,Pannonia Inferior
ypanis fl.,Fluuius Yppanis
india,yndia
jerusalem,Ciuitas Ierusalem
caucasus m.,Mons Caucasus
thamise fl.,Fluuius Thamise
sirtes maiores,Sirtes Maiores
ganges fl.,ganges fl.
gallia,Gallia
samarcan c.,Samarcan Ciuitas
yler fl.,Fluuius Yler
zeugis r.,Zeugis regio
pathmum m.,Mons Pathmum
parchoatras m.,Montes Parcoatras
decapolis r.,Decapolis regio
cuya c.,Cuya Ciuitas
germania superior,Germania Superior
austronothus m.,Mons Austronothus
hesperus m.,Mons Hesperus
dara fl.,Dara Fluuius
calabria c.,Calabria
mercurii m.,Mons Mercurii
binna m.,Mons Binna
germanicus s.,Sinus Germanicus
sodom c.,Sodom Ciuitas
rem fl.,Fluuius Rem
emisa fl.,Fluuius Emisa
aque tibilitane,Aque Tibilitane
scitotauri sithe,Scitotauri Sithe
tabule testamenti,Tabule Testamenti
fernus fl.,Fluuius Fernus
jovis oraculum,Oraculum Iovis
mester fl.,Fluuius Mester
sochoth,Sochoth Ciuitas
ephesus,ephesus civitas
robasci sithe,robasci sithe
danus fl.,Fluuius Danus
propontis mare,Propontidis Mare
canaria i.,Insule Canaria
saddi m.,Mons Saddi
nitrie m.,Alitrie Mons
burgh in maris,Burgh in maris
tile,tile insula
rupes sarmatharum,Rupes Sarmatharum
ebusus i.,ebos insula
cartago magna,Cartago Magna
dravus fl.,Fluuius Drauus
acrocerauni m.,Montes Acrocerauni
arar fl.,Fluuius Arar
hermus fl.,Fluuius Ermus
avernia r.,Auernia
nicomedia,Nicomadibus Municipium
wid fl.,Fluuius Wid
rahais c.,Rahais Ciuitas
drepanum promuntorium,Drepanum Promunctorium
garonna,Fluuius Gerunda
abidos c.,Siticum Abidos
siticum,Siticum Abidos
cariz m.,Mons Cariz
meros m.,mons meros
meroe i.,Meroe Insula
scena fl.,Fluuius Schene
carmania,Carmania Regio
climax m.,Mons Climax
canopus i.,Canopus insula
sequana fl.,Sequana Fluuius
terracona c.,Terracona Ciuitas
pelorus promuntorium,mons pelorus
abarim m.,Mons Abarim
atlas m.,Mons Authlans
don fl.,Fluuius Don
tafnus c.,Tafnus Ciuitas
melos i.,Melos Insula
triphicia i.,Triphicia Insula
creta,Creta Insula
memarmoli m.,Montes Memarnau
licus i.,Fluuius Licus
delos i.,Delos Insula
alanus fl.,Alanus Fluuius
terracona i.,Terraconta Insula
lak fl.,Fluuius Lak
egyptus,terra egipti
cassica c.,Cassica Ciuitas
antiochia,Antiochia Ciuitas
tapson i.,Tapsus Insula
mosa fl.,Fluuius Mose
medania fl.,Fluuius Medania
acesines fl.,Acesines Fluuius
cyprus,Ciprus Insula
bactria c.,Bactrum Oppidum
thebaida r.,Thebaida Regio
papia,Papia Ciuitas
cliteron fl.,Fluuius Cliteron
saracena c.,Ciuitas Saracena
danaper fl.,Fluuius Danaper
concitus fl.,Concitus Fluuius
amsidus fl.,Fluuius Amsidus
atrax fl.,Fluuius Atrax
capharica i.,Capharica Insula
trogodite,trocodite
bruncena r.,Bruncena regio
cesarea in mauritania,Cesarea Ciuitas
hispania inferior,Hispania Inferior
pinesus fl.,Fluuius Pinesus
arcandes superior,Arcandes Superior
carmelus m.,Mons Carmelus
mauritania cesariensis,Mauritania Cesariensis
timavus m.,Mons Timauus
thebe in boeotia,Thelea Ciuitas
suffibus c.,Suffibus Ciuitas
sanctus michaelis m.,Mons Michaelis
malva fl.,Fluuius Malua
cleee m.,Mons Cleee
ethiopum terra,Terra Ethiopie
wulturnus v.,Wulturnus
babel turris,Turris Babel
grana c.,Grana Ciuitas
larissa,Laris Ciuitas
pentapolis,Pentapolis regio
occea,Ocea Ciuitas
puteus juramenti,Puteus Iuramenti
herculis gades,Gades Herculis
zeugis c.,Zeugis Ciuitas
delphi,Delos
damascus,Damascus Ciuitas
wormanciansis,Wormanciansis
paropanicades m.,Montes Paropanicades
tiberis fl.,Fluuius Tiberis
tarsus,Tharsus Ciuitas
tiberis ostia,Ostia Tiberis
timavus fl.,Timauus Fluuius
germania inferior,Germania Inferior
mosella,Fluuius Mosella
etna m.,Mons Ethna
indus fl.,Fluuius Yndus
susa c.,Susa Ciuitas
alberstad c.,Alberstad Ciuitas
mad fl.,Fluuius et Lacus Mad
mad lacus,Fluuius et Lacus Mad
longobardia,Longobardia
triton fl.,Lacus et Fluuius Triton
triton lacus,Lacus et Fluuius Triton
phori r.,Rengnum Phori et Abisaris
abisaris r.,Rengnum Phori et Abisaris
ylis fl., Fluuius Ylis
danubius fons,fons Danubii
renus fl.,Reno Fluuio
dacia,Dacia
rinocorua c.,Rinocerura Ciuitas et Fluuius
rinocorua fl.,Rinocerura Ciuitas et Fluuius
trogodites fons,fons Trocoditas
sogdiani g.,Sogdiani et Dache gentes
daci g.,Sogdiani et Dache gentes
blemmye,Isti os et oculos habent in humeris.
infernalis fl.,fluuius infernali[s]
getuli g.,"Getuli, Natabres, et Garamantes"
nathabres,"Getuli, Natabres, et Garamantes"
garamantes,"Getuli, Natabres, et Garamantes"
eulercus fl.,Eulercus Fluuius
tigris fl.,Tigris Fluuius et Lacus
tigris lacus,Tigris Fluuius et Lacus
media r.,"Media, Parthia Persida"
parthia r.,"Media, Parthia Persida"
persia,"Media, Parthia Persida"
arnon fl.,Fluuius Arnon et ciuitas
arnon c.,Fluuius Arnon et ciuitas
